<?xml version="1.0"?>
<Runs Version="1" Minor="0">
	<Run Id="design_1_Debounce_Switch_0_0_synth_1" LaunchDir="D:/ZYNQ_prj/pynq_z2/CDD/Lab2/Lab2.runs/design_1_Debounce_Switch_0_0_synth_1" FlowId="Vivado_Synthesis" FromStepId="vivado" ToStepId="vivado"/>
	<Run Id="design_1_uart_top_0_0_synth_1" LaunchDir="D:/ZYNQ_prj/pynq_z2/CDD/Lab2/Lab2.runs/design_1_uart_top_0_0_synth_1" FlowId="Vivado_Synthesis" FromStepId="vivado" ToStepId="vivado"/>
	<Parameters>
		<Parameter Name="runs.monitorLSFJobs" Val="true" Type="bool"/>
		<Parameter Name="runs.enableClusterConf" Val="true" Type="bool"/>
		<Parameter Name="general.shortenLongPath" Val="true" Type="bool"/>
	</Parameters>
	<ProductInfo Name="vivado"/>
</Runs>

